summary,age,balance,duration,campaign,pdays,previous
count,4521,4521,4521,4521,4521,4521
mean,41.17009511170095,1422.6578190665782,263.96129174961294,2.793629727936297,39.766644547666445,0.5425790754257908
stddev,10.576210958711263,3009.6381424673395,259.85663262468216,3.1098066601885823,100.12112444301656,1.6935623506071211
min,19,-3313,4,1,-1,0
max,87,71188,3025,50,871,25
